{
    "title": "Normans",
    "paragraphs": [
        {
            "context": "The Normans (Norman: Nourmands; French: Normands; Latin: Normanni) were the people who in the 10th and 11th centuries gave their name to Normandy, a region in France. They were descended from Norse (\"Norman\" comes from \"Norseman\") raiders and pirates from Denmark, Iceland and Norway who, under their leader Rollo, agreed to swear fealty to King Charles III of West Francia. Through generations of assimilation and mixing with the native Frankish and Roman-Gaulish populations, their descendants would gradually merge with the Carolingian-based cultures of West Francia. The distinct cultural and ethnic identity of the Normans emerged initially in the first half of the 10th century, and it continued to evolve over the succeeding centuries.",
            "qas": [
                {
                    "question": "In what country is Normandy located?",
                    "id": "56ddde6b9a695914005b9628",
                    "answers": [
                        {
                            "text": "France",
                            "answer_start": 159
                        }
                    ],
                    "is_impossible": false
                },
                {
                    "question": "When were the Normans in Normandy?",
                    "id": "56ddde6b9a695914005b9629",
                    "answers": [
                        {
                            "text": "10th and 11th centuries",
                            "answer_start": 94
                        }
                    ],
                    "is_impossible": false
                },
                {
                    "question": "From which countries did the Norse originate?",
                    "id": "56ddde6b9a695914005b962a",
                    "answers": [
                        {
                            "text": "Denmark, Iceland and Norway",
                            "answer_start": 256
                        }
                    ],
                    "is_impossible": false
                },
                {
                    "question": "Who was the Norse leader?",
                    "id": "56ddde6b9a695914005b962b",
                    "answers": [
                        {
                            "text": "Rollo",
                            "answer_start": 308
                        }
                    ],
                    "is_impossible": false
                },
                {
                    "question": "What century did the Normans first gain their separate identity?",
                    "id": "56ddde6b9a695914005b962c",
                    "answers": [
                        {
                            "text": "10th century",
                            "answer_start": 671
                        }
                    ],
                    "is_impossible": false
                }
            ]
        },
        {
            "context": "The Norman dynasty had a major political, cultural and military impact on medieval Europe and even the Near East. The Normans were famed for their martial spirit and eventually for their Christian piety, becoming exponents of the Catholic orthodoxy into which they assimilated. They adopted the Gallo-Romance language of the Frankish land they settled, their dialect becoming known as Norman, Normaund or Norman French, an important literary language. The Duchy of Normandy, which they formed by treaty with the French crown, was a great fief of medieval France, and under Richard I of Normandy was forged into a cohesive and formidable principality in feudal tenure. The Normans are noted both for their culture, such as their unique Romanesque architecture and musical traditions, and for their significant military accomplishments and innovations. Norman adventurers founded the Kingdom of Sicily under Roger II after conquering southern Italy on the Saracens and Byzantines, and an expedition on behalf of their duke, William the Conqueror, led to the Norman conquest of England at the Battle of Hastings in 1066. Norman cultural and military influence spread from these new European centres to the Crusader states of the Near East, where their prince Bohemond I founded the Principality of Antioch in the Levant, to Scotland and Wales in Great Britain, to Ireland, and to the coasts of north Africa and the Canary Islands.",
            "qas": [
                {
                    "question": "Who was the duke in the battle of Hastings?",
                    "id": "56dddf4066d3e219004dad5f",
                    "answers": [
                        {
                            "text": "William the Conqueror",
                            "answer_start": 1022
                        }
                    ],
                    "is_impossible": false
                },
                {
                    "question": "Who ruled the duchy of Normandy",
                    "id": "56dddf4066d3e219004dad60",
                    "answers": [
                        {
                            "text": "Richard I",
                            "answer_start": 573
                        }
                    ],
                    "is_impossible": false
                },
                {
                    "question": "What religion were the Normans",
                    "id": "56dddf4066d3e219004dad61",
                    "answers": [
                        {
                            "text": "Catholic",
                            "answer_start": 230
                        }
                    ],
                    "is_impossible": false
                }
            ]
        },
        {
            "context": "The English name \"Normans\" comes from the French words Normans/Normanz, plural of Normant, modern French normand, which is itself borrowed from Old Low Franconian Nortmann \"Northman\" or directly from Old Norse Nor\u00f0ma\u00f0r, Latinized variously as Nortmannus, Normannus, or Nordmannus (recorded in Medieval Latin, 9th century) to mean \"Norseman, Viking\".",
            "qas": [
                {
                    "question": "What is the original meaning of the word Norman?",
                    "id": "56dde0379a695914005b9636",
                    "answers": [
                        {
                            "text": "Viking",
                            "answer_start": 341
                        }
                    ],
                    "is_impossible": false
                },
                {
                    "question": "When was the Latin version of the word Norman first recorded?",
                    "id": "56dde0379a695914005b9637",
                    "answers": [
                        {
                            "text": "9th century",
                            "answer_start": 309
                        }
                    ],
                    "is_impossible": false
                }
            ]
        },
        {
            "context": "In the course of the 10th century, the initially destructive incursions of Norse war bands into the rivers of France evolved into more permanent encampments that included local women and personal property. The Duchy of Normandy, which began in 911 as a fiefdom, was established by the treaty of Saint-Clair-sur-Epte between King Charles III of West Francia and the famed Viking ruler Rollo, and was situated in the former Frankish kingdom of Neustria. The treaty offered Rollo and his men the French lands between the river Epte and the Atlantic coast in exchange for their protection against further Viking incursions. The area corresponded to the northern part of present-day Upper Normandy down to the river Seine, but the Duchy would eventually extend west beyond the Seine. The territory was roughly equivalent to the old province of Rouen, and reproduced the Roman administrative structure of Gallia Lugdunensis II (part of the former Gallia Lugdunensis).",
            "qas": [
                {
                    "question": "When was the Duchy of Normandy founded?",
                    "id": "56dde0ba66d3e219004dad75",
                    "answers": [
                        {
                            "text": "911",
                            "answer_start": 244
                        }
                    ],
                    "is_impossible": false
                },
                {
                    "question": "Who did Rollo sign the treaty of Saint-Clair-sur-Epte with?",
                    "id": "56dde0ba66d3e219004dad76",
                    "answers": [
                        {
                            "text": "King Charles III",
                            "answer_start": 324
                        }
                    ],
                    "is_impossible": false
                },
                {
                    "question": "What river originally bounded the Duchy",
                    "id": "56dde0ba66d3e219004dad77",
                    "answers": [
                        {
                            "text": "Seine",
                            "answer_start": 711
                        }
                    ],
                    "is_impossible": false
                }
            ]
        },
        {
            "context": "Before Rollo's arrival, its populations did not differ from Picardy or the \u00cele-de-France, which were considered \"Frankish\". Earlier Viking settlers had begun arriving in the 880s, but were divided between colonies in the east (Roumois and Pays de Caux) around the low Seine valley and in the west in the Cotentin Peninsula, and were separated by traditional pagii, where the population remained about the same with almost no foreign settlers. Rollo's contingents who raided and ultimately settled Normandy and parts of the Atlantic coast included Danes, Norwegians, Norse\u2013Gaels, Orkney Vikings, possibly Swedes, and Anglo-Danes from the English Danelaw under Norse control.",
            "qas": [
                {
                    "question": "Who upon arriving gave the original viking settlers a common identity?",
                    "id": "56dde1d966d3e219004dad8d",
                    "answers": [
                        {
                            "text": "Rollo",
                            "answer_start": 7
                        }
                    ],
                    "is_impossible": false
                }
            ]
        },
        {
            "context": "The descendants of Rollo's Vikings and their Frankish wives would replace the Norse religion and Old Norse language with Catholicism (Christianity) and the Gallo-Romance language of the local people, blending their maternal Frankish heritage with Old Norse traditions and customs to synthesize a unique \"Norman\" culture in the north of France. The Norman language was forged by the adoption of the indigenous langue d'o\u00efl branch of Romance by a Norse-speaking ruling class, and it developed into the regional language that survives today.",
            "qas": [
                {
                    "question": "What was the Norman religion?",
                    "id": "56dde27d9a695914005b9651",
                    "answers": [
                        {
                            "text": "Catholicism",
                            "answer_start": 121
                        }
                    ],
                    "is_impossible": false
                },
                {
                    "question": "What part of France were the Normans located?",
                    "id": "56dde27d9a695914005b9652",
                    "answers": [
                        {
                            "text": "north",
                            "answer_start": 327
                        }
                    ],
                    "is_impossible": false
                }
            ]
        },
        {
            "context": "The Normans thereafter adopted the growing feudal doctrines of the rest of France, and worked them into a functional hierarchical system in both Normandy and in England. The new Norman rulers were culturally and ethnically distinct from the old French aristocracy, most of whom traced their lineage to Franks of the Carolingian dynasty. Most Norman knights remained poor and land-hungry, and by 1066 Normandy had been exporting fighting horsemen for more than a generation. Many Normans of Italy, France and England eventually served as avid Crusaders under the Italo-Norman prince Bohemund I and the Anglo-Norman king Richard the Lion-Heart.",
            "qas": [
                {
                    "question": "What was one of the Norman's major exports?",
                    "id": "56dde2fa66d3e219004dad9b",
                    "answers": [
                        {
                            "text": "fighting horsemen",
                            "answer_start": 428
                        }
                    ],
                    "is_impossible": false
                }
            ]
        },
        {
            "context": "Soon after the Normans began to enter Italy, they entered the Byzantine Empire and then Armenia, fighting against the Pechenegs, the Bulgars, and especially the Seljuk Turks. Norman mercenaries were first encouraged to come to the south by the Lombards to act against the Byzantines, but they soon fought in Byzantine service in Sicily. They were prominent alongside Varangian and Lombard contingents in the Sicilian campaign of George Maniaces in 1038\u201340. There is debate whether the Normans in Greek service actually were from Norman Italy, and it now seems likely only a few came from there. It is also unknown how many of the \"Franks\", as the Byzantines called them, were Normans and not other Frenchmen.",
            "qas": [
                {
                    "question": "Who was the Normans' main enemy in Italy, the Byzantine Empire and Armenia?",
                    "id": "56de0f6a4396321400ee257f",
                    "answers": [
                        {
                            "text": "Seljuk Turks",
                            "answer_start": 161
                        }
                    ],
                    "is_impossible": false
                }
            ]
        },
        {
            "context": "One of the first Norman mercenaries to serve as a Byzantine general was Herv\u00e9 in the 1050s. By then however, there were already Norman mercenaries serving as far away as Trebizond and Georgia. They were based at Malatya and Edessa, under the Byzantine duke of Antioch, Isaac Komnenos. In the 1060s, Robert Crispin led the Normans of Edessa against the Turks. Roussel de Bailleul even tried to carve out an independent state in Asia Minor with support from the local population, but he was stopped by the Byzantine general Alexius Komnenos.",
            "qas": [
                {
                    "question": "When did Herve serve as a Byzantine general?",
                    "id": "56de0ffd4396321400ee258d",
                    "answers": [
                        {
                            "text": "1050s",
                            "answer_start": 85
                        }
                    ],
                    "is_impossible": false
                },
                {
                    "question": "When did Robert Crispin go up against the Turks?",
                    "id": "56de0ffd4396321400ee258e",
                    "answers": [
                        {
                            "text": "1060s",
                            "answer_start": 292
                        }
                    ],
                    "is_impossible": false
                },
                {
                    "question": "Who ruined Roussel de Bailleul's plans for an independent state?",
                    "id": "56de0ffd4396321400ee258f",
                    "answers": [
                        {
                            "text": "Alexius Komnenos",
                            "answer_start": 522
                        }
                    ],
                    "is_impossible": false
                }
            ]
        },
        {
            "context": "Some Normans joined Turkish forces to aid in the destruction of the Armenians vassal-states of Sassoun and Taron in far eastern Anatolia. Later, many took up service with the Armenian state further south in Cilicia and the Taurus Mountains. A Norman named Oursel led a force of \"Franks\" into the upper Euphrates valley in northern Syria. From 1073 to 1074, 8,000 of the 20,000 troops of the Armenian general Philaretus Brachamius were Normans\u2014formerly of Oursel\u2014led by Raimbaud. They even lent their ethnicity to the name of their castle: Afranji, meaning \"Franks.\" The known trade between Amalfi and Antioch and between Bari and Tarsus may be related to the presence of Italo-Normans in those cities while Amalfi and Bari were under Norman rule in Italy.",
            "qas": [
                {
                    "question": "What was the name of the Norman castle?",
                    "id": "56de10b44396321400ee2593",
                    "answers": [
                        {
                            "text": "Afranji",
                            "answer_start": 539
                        }
                    ],
                    "is_impossible": false
                },
                {
                    "question": "Who was the leader when the Franks entered the Euphrates valley?",
                    "id": "56de10b44396321400ee2594",
                    "answers": [
                        {
                            "text": "Oursel",
                            "answer_start": 256
                        }
                    ],
                    "is_impossible": false
                },
                {
                    "question": "Who did the Normans team up with in Anatolia?",
                    "id": "56de10b44396321400ee2595",
                    "answers": [
                        {
                            "text": "Turkish forces",
                            "answer_start": 20
                        }
                    ],
                    "is_impossible": false
                }
            ]
        },
        {
            "context": "Several families of Byzantine Greece were of Norman mercenary origin during the period of the Comnenian Restoration, when Byzantine emperors were seeking out western European warriors. The Raoulii were descended from an Italo-Norman named Raoul, the Petraliphae were descended from a Pierre d'Aulps, and that group of Albanian clans known as the Maniakates were descended from Normans who served under George Maniaces in the Sicilian expedition of 1038.",
            "qas": [
                {
                    "question": "What were the origins of the Raouliii family?",
                    "id": "56de11154396321400ee25aa",
                    "answers": [
                        {
                            "text": "Norman mercenary",
                            "answer_start": 45
                        }
                    ],
                    "is_impossible": false
                }
            ]
        },
        {
            "context": "Robert Guiscard, an other Norman adventurer previously elevated to the dignity of count of Apulia as the result of his military successes, ultimately drove the Byzantines out of southern Italy. Having obtained the consent of pope Gregory VII and acting as his vassal, Robert continued his campaign conquering the Balkan peninsula as a foothold for western feudal lords and the Catholic Church. After allying himself with Croatia and the Catholic cities of Dalmatia, in 1081 he led an army of 30,000 men in 300 ships landing on the southern shores of Albania, capturing Valona, Kanina, Jericho (Orikumi), and reaching Butrint after numerous pillages. They joined the fleet that had previously conquered Corfu and attacked Dyrrachium from land and sea, devastating everything along the way. Under these harsh circumstances, the locals accepted the call of emperor Alexius I Comnenus to join forces with the Byzantines against the Normans. The Albanian forces could not take part in the ensuing battle because it had started before their arrival. Immediately before the battle, the Venetian fleet had secured a victory in the coast surrounding the city. Forced to retreat, Alexius ceded the command to a high Albanian official named Comiscortes in the service of Byzantium. The city's garrison resisted until February 1082, when Dyrrachium was betrayed to the Normans by the Venetian and Amalfitan merchants who had settled there. The Normans were now free to penetrate into the hinterland; they took Ioannina and some minor cities in southwestern Macedonia and Thessaly before appearing at the gates of Thessalonica. Dissension among the high ranks coerced the Normans to retreat to Italy. They lost Dyrrachium, Valona, and Butrint in 1085, after the death of Robert.",
            "qas": [
                {
                    "question": "What was the name of the count of Apulia ",
                    "id": "56de148dcffd8e1900b4b5bc",
                    "answers": [
                        {
                            "text": "Robert Guiscard",
                            "answer_start": 0
                        }
                    ],
                    "is_impossible": false
                },
                {
                    "question": "When did Dyrrachium  fall to the Normans?",
                    "id": "56de148dcffd8e1900b4b5bd",
                    "answers": [
                        {
                            "text": "1082",
                            "answer_start": 1315
                        }
                    ],
                    "is_impossible": false
                },
                {
                    "question": "How many men were in Robert's army?",
                    "id": "56de148dcffd8e1900b4b5be",
                    "answers": [
                        {
                            "text": "30,000",
                            "answer_start": 492
                        }
                    ],
                    "is_impossible": false
                }
            ]
        },
        {
            "context": "A few years after the First Crusade, in 1107, the Normans under the command of Bohemond, Robert's son, landed in Valona and besieged Dyrrachium using the most sophisticated military equipment of the time, but to no avail. Meanwhile, they occupied Petrela, the citadel of Mili at the banks of the river Deabolis, Gllavenica (Ballsh), Kanina and Jericho. This time, the Albanians sided with the Normans, dissatisfied by the heavy taxes the Byzantines had imposed upon them. With their help, the Normans secured the Arbanon passes and opened their way to Dibra. The lack of supplies, disease and Byzantine resistance forced Bohemond to retreat from his campaign and sign a peace treaty with the Byzantines in the city of Deabolis.",
            "qas": [
                {
                    "question": "Where did the Normans and Byzantines sign the peace treaty?",
                    "id": "56de15104396321400ee25b7",
                    "answers": [
                        {
                            "text": "Deabolis",
                            "answer_start": 302
                        }
                    ],
                    "is_impossible": false
                },
                {
                    "question": "Who was Robert's son?",
                    "id": "56de15104396321400ee25b8",
                    "answers": [
                        {
                            "text": "Bohemond",
                            "answer_start": 79
                        }
                    ],
                    "is_impossible": false
                },
                {
                    "question": "What river was Petrela located by?",
                    "id": "56de15104396321400ee25b9",
                    "answers": [
                        {
                            "text": "Deabolis",
                            "answer_start": 302
                        }
                    ],
                    "is_impossible": false
                }
            ]
        },
        {
            "context": "The further decline of Byzantine state-of-affairs paved the road to a third attack in 1185, when a large Norman army invaded Dyrrachium, owing to the betrayal of high Byzantine officials. Some time later, Dyrrachium\u2014one of the most important naval bases of the Adriatic\u2014fell again to Byzantine hands.",
            "qas": [
                {
                    "question": "When did the Normans attack Dyrrachium?",
                    "id": "56de1563cffd8e1900b4b5c2",
                    "answers": [
                        {
                            "text": "1185",
                            "answer_start": 86
                        }
                    ],
                    "is_impossible": false
                },
                {
                    "question": "What was the naval base called?",
                    "id": "56de1563cffd8e1900b4b5c3",
                    "answers": [
                        {
                            "text": "Dyrrachium",
                            "answer_start": 125
                        }
                    ],
                    "is_impossible": false
                },
                {
                    "question": "Where was Dyrrachium located?",
                    "id": "56de1563cffd8e1900b4b5c4",
                    "answers": [
                        {
                            "text": "the Adriatic",
                            "answer_start": 257
                        }
                    ],
                    "is_impossible": false
                }
            ]
        },
        {
            "context": "The Normans were in contact with England from an early date. Not only were their original Viking brethren still ravaging the English coasts, they occupied most of the important ports opposite England across the English Channel. This relationship eventually produced closer ties of blood through the marriage of Emma, sister of Duke Richard II of Normandy, and King Ethelred II of England. Because of this, Ethelred fled to Normandy in 1013, when he was forced from his kingdom by Sweyn Forkbeard. His stay in Normandy (until 1016) influenced him and his sons by Emma, who stayed in Normandy after Cnut the Great's conquest of the isle.",
            "qas": [
                {
                    "question": "Who did Emma Marry?",
                    "id": "56de15dbcffd8e1900b4b5c8",
                    "answers": [
                        {
                            "text": "King Ethelred II",
                            "answer_start": 360
                        }
                    ],
                    "is_impossible": false
                },
                {
                    "question": "Who was Emma's brother?",
                    "id": "56de15dbcffd8e1900b4b5c9",
                    "answers": [
                        {
                            "text": "Duke Richard II",
                            "answer_start": 327
                        }
                    ],
                    "is_impossible": false
                },
                {
                    "question": "To where did Ethelred flee?",
                    "id": "56de15dbcffd8e1900b4b5ca",
                    "answers": [
                        {
                            "text": "Normandy",
                            "answer_start": 423
                        }
                    ],
                    "is_impossible": false
                },
                {
                    "question": "Who kicked Ethelred out?",
                    "id": "56de15dbcffd8e1900b4b5cb",
                    "answers": [
                        {
                            "text": "Sweyn Forkbeard",
                            "answer_start": 480
                        }
                    ],
                    "is_impossible": false
                }
            ]
        },
        {
            "context": "When finally Edward the Confessor returned from his father's refuge in 1041, at the invitation of his half-brother Harthacnut, he brought with him a Norman-educated mind. He also brought many Norman counsellors and fighters, some of whom established an English cavalry force. This concept never really took root, but it is a typical example of the attitudes of Edward. He appointed Robert of Jumi\u00e8ges archbishop of Canterbury and made Ralph the Timid earl of Hereford. He invited his brother-in-law Eustace II, Count of Boulogne to his court in 1051, an event which resulted in the greatest of early conflicts between Saxon and Norman and ultimately resulted in the exile of Earl Godwin of Wessex.",
            "qas": [
                {
                    "question": "Who was Edward the Confessor's half-brother?",
                    "id": "56de1645cffd8e1900b4b5d0",
                    "answers": [
                        {
                            "text": "Harthacnut",
                            "answer_start": 115
                        }
                    ],
                    "is_impossible": false
                },
                {
                    "question": "When did Edward return?",
                    "id": "56de1645cffd8e1900b4b5d1",
                    "answers": [
                        {
                            "text": "1041",
                            "answer_start": 71
                        }
                    ],
                    "is_impossible": false
                },
                {
                    "question": "Who did Edward make archbishop of Canterbury?",
                    "id": "56de1645cffd8e1900b4b5d2",
                    "answers": [
                        {
                            "text": "Robert of Jumi\u00e8ges",
                            "answer_start": 382
                        }
                    ],
                    "is_impossible": false
                }
            ]
        },
        {
            "context": "In 1066, Duke William II of Normandy conquered England killing King Harold II at the Battle of Hastings. The invading Normans and their descendants replaced the Anglo-Saxons as the ruling class of England. The nobility of England were part of a single Normans culture and many had lands on both sides of the channel. Early Norman kings of England, as Dukes of Normandy, owed homage to the King of France for their land on the continent. They considered England to be their most important holding (it brought with it the title of King\u2014an important status symbol).",
            "qas": [
                {
                    "question": "Where did Harold II die?",
                    "id": "56de16ca4396321400ee25c5",
                    "answers": [
                        {
                            "text": "Battle of Hastings",
                            "answer_start": 85
                        }
                    ],
                    "is_impossible": false
                },
                {
                    "question": "Who killed Harold II? ",
                    "id": "56de16ca4396321400ee25c6",
                    "answers": [
                        {
                            "text": "William II",
                            "answer_start": 14
                        }
                    ],
                    "is_impossible": false
                },
                {
                    "question": "When was the Battle of Hastings?",
                    "id": "56de16ca4396321400ee25c7",
                    "answers": [
                        {
                            "text": "1066",
                            "answer_start": 3
                        }
                    ],
                    "is_impossible": false
                },
                {
                    "question": "Who was the ruling class ahead of the Normans?",
                    "id": "56de16ca4396321400ee25c8",
                    "answers": [
                        {
                            "text": "Anglo-Saxons",
                            "answer_start": 161
                        }
                    ],
                    "is_impossible": false
                }
            ]
        },
        {
            "context": "Eventually, the Normans merged with the natives, combining languages and traditions. In the course of the Hundred Years' War, the Norman aristocracy often identified themselves as English. The Anglo-Norman language became distinct from the Latin language, something that was the subject of some humour by Geoffrey Chaucer. The Anglo-Norman language was eventually absorbed into the Anglo-Saxon language of their subjects (see Old English) and influenced it, helping (along with the Norse language of the earlier Anglo-Norse settlers and the Latin used by the church) in the development of Middle English. It in turn evolved into Modern English.",
            "qas": [
                {
                    "question": "What was the Anglo-Norman language's final form?",
                    "id": "56de1728cffd8e1900b4b5d7",
                    "answers": [
                        {
                            "text": "Modern English",
                            "answer_start": 629
                        }
                    ],
                    "is_impossible": false
                }
            ]
        },
        {
            "context": "The Normans had a profound effect on Irish culture and history after their invasion at Bannow Bay in 1169. Initially the Normans maintained a distinct culture and ethnicity. Yet, with time, they came to be subsumed into Irish culture to the point that it has been said that they became \"more Irish than the Irish themselves.\" The Normans settled mostly in an area in the east of Ireland, later known as the Pale, and also built many fine castles and settlements, including Trim Castle and Dublin Castle. Both cultures intermixed, borrowing from each other's language, culture and outlook. Norman descendants today can be recognised by their surnames. Names such as French, (De) Roche, Devereux, D'Arcy, Treacy and Lacy are particularly common in the southeast of Ireland, especially in the southern part of County Wexford where the first Norman settlements were established. Other Norman names such as Furlong predominate there. Another common Norman-Irish name was Morell (Murrell) derived from the French Norman name Morel. Other names beginning with Fitz (from the Norman for son) indicate Norman ancestry. These included Fitzgerald, FitzGibbons (Gibbons) dynasty, Fitzmaurice. Other families bearing such surnames as Barry (de Barra) and De B\u00farca (Burke) are also of Norman extraction.",
            "qas": [
                {
                    "question": "In what year did the Norman's invade at Bannow Bay?",
                    "id": "56de179dcffd8e1900b4b5da",
                    "answers": [
                        {
                            "text": "1169",
                            "answer_start": 101
                        }
                    ],
                    "is_impossible": false
                },
                {
                    "question": "What country did the Normans invade in 1169?",
                    "id": "56de179dcffd8e1900b4b5db",
                    "answers": [
                        {
                            "text": "Ireland",
                            "answer_start": 379
                        }
                    ],
                    "is_impossible": false
                },
                {
                    "question": "What culture did the Normans combine with in Ireland?",
                    "id": "56de179dcffd8e1900b4b5dc",
                    "answers": [
                        {
                            "text": "Irish",
                            "answer_start": 37
                        }
                    ],
                    "is_impossible": false
                }
            ]
        },
        {
            "context": "One of the claimants of the English throne opposing William the Conqueror, Edgar Atheling, eventually fled to Scotland. King Malcolm III of Scotland married Edgar's sister Margaret, and came into opposition to William who had already disputed Scotland's southern borders. William invaded Scotland in 1072, riding as far as Abernethy where he met up with his fleet of ships. Malcolm submitted, paid homage to William and surrendered his son Duncan as a hostage, beginning a series of arguments as to whether the Scottish Crown owed allegiance to the King of England.",
            "qas": [
                {
                    "question": "Who was Margaret's brother?",
                    "id": "56de17f9cffd8e1900b4b5e0",
                    "answers": [
                        {
                            "text": "Edgar",
                            "answer_start": 75
                        }
                    ],
                    "is_impossible": false
                },
                {
                    "question": "Who was Margaret's husband?",
                    "id": "56de17f9cffd8e1900b4b5e1",
                    "answers": [
                        {
                            "text": "King Malcolm III of Scotland",
                            "answer_start": 120
                        }
                    ],
                    "is_impossible": false
                },
                {
                    "question": "When was Scotland invaded by William?",
                    "id": "56de17f9cffd8e1900b4b5e2",
                    "answers": [
                        {
                            "text": "1072",
                            "answer_start": 300
                        }
                    ],
                    "is_impossible": false
                },
                {
                    "question": "Who was the hostage?",
                    "id": "56de17f9cffd8e1900b4b5e3",
                    "answers": [
                        {
                            "text": "Duncan",
                            "answer_start": 440
                        }
                    ],
                    "is_impossible": false
                }
            ]
        },
        {
            "context": "Normans came into Scotland, building castles and founding noble families who would provide some future kings, such as Robert the Bruce, as well as founding a considerable number of the Scottish clans. King David I of Scotland, whose elder brother Alexander I had married Sybilla of Normandy, was instrumental in introducing Normans and Norman culture to Scotland, part of the process some scholars call the \"Davidian Revolution\". Having spent time at the court of Henry I of England (married to David's sister Maud of Scotland), and needing them to wrestle the kingdom from his half-brother M\u00e1el Coluim mac Alaxandair, David had to reward many with lands. The process was continued under David's successors, most intensely of all under William the Lion. The Norman-derived feudal system was applied in varying degrees to most of Scotland. Scottish families of the names Bruce, Gray, Ramsay, Fraser, Ogilvie, Montgomery, Sinclair, Pollock, Burnard, Douglas and Gordon to name but a few, and including the later royal House of Stewart, can all be traced back to Norman ancestry.",
            "qas": [
                {
                    "question": "Who did Alexander I marry?",
                    "id": "56de3cd0cffd8e1900b4b6be",
                    "answers": [
                        {
                            "text": "Sybilla of Normandy",
                            "answer_start": 271
                        }
                    ],
                    "is_impossible": false
                },
                {
                    "question": "What culture's arrival in Scotland is know as the \"Davidian Revolution\"?",
                    "id": "56de3cd0cffd8e1900b4b6bf",
                    "answers": [
                        {
                            "text": "Norman",
                            "answer_start": 336
                        }
                    ],
                    "is_impossible": false
                }
            ]
        },
        {
            "context": "Even before the Norman Conquest of England, the Normans had come into contact with Wales. Edward the Confessor had set up the aforementioned Ralph as earl of Hereford and charged him with defending the Marches and warring with the Welsh. In these original ventures, the Normans failed to make any headway into Wales.",
            "qas": [
                {
                    "question": "Where was Ralph earl of?",
                    "id": "56de3d594396321400ee26ca",
                    "answers": [
                        {
                            "text": "Hereford",
                            "answer_start": 158
                        }
                    ],
                    "is_impossible": false
                },
                {
                    "question": "Who was Ralph in charge of being at war with?",
                    "id": "56de3d594396321400ee26cb",
                    "answers": [
                        {
                            "text": "the Welsh",
                            "answer_start": 227
                        }
                    ],
                    "is_impossible": false
                },
                {
                    "question": "Who made Ralph earl?",
                    "id": "56de3d594396321400ee26cc",
                    "answers": [
                        {
                            "text": "Edward the Confessor",
                            "answer_start": 90
                        }
                    ],
                    "is_impossible": false
                }
            ]
        },
        {
            "context": "Subsequent to the Conquest, however, the Marches came completely under the dominance of William's most trusted Norman barons, including Bernard de Neufmarch\u00e9, Roger of Montgomery in Shropshire and Hugh Lupus in Cheshire. These Normans began a long period of slow conquest during which almost all of Wales was at some point subject to Norman interference. Norman words, such as baron (barwn), first entered Welsh at that time.",
            "qas": [
                {
                    "question": "What country was under the control of Norman barons?",
                    "id": "56de3dbacffd8e1900b4b6d2",
                    "answers": [
                        {
                            "text": "Wales",
                            "answer_start": 299
                        }
                    ],
                    "is_impossible": false
                }
            ]
        },
        {
            "context": "The legendary religious zeal of the Normans was exercised in religious wars long before the First Crusade carved out a Norman principality in Antioch. They were major foreign participants in the Reconquista in Iberia. In 1018, Roger de Tosny travelled to the Iberian Peninsula to carve out a state for himself from Moorish lands, but failed. In 1064, during the War of Barbastro, William of Montreuil led the papal army and took a huge booty.",
            "qas": [
                {
                    "question": "What year did Roger de Tosny fail to accomplish what he set out to do?",
                    "id": "56de3e414396321400ee26d8",
                    "answers": [
                        {
                            "text": "1018",
                            "answer_start": 221
                        }
                    ],
                    "is_impossible": false
                },
                {
                    "question": "Who was in charge of the papal army in the War of Barbastro?",
                    "id": "56de3e414396321400ee26d9",
                    "answers": [
                        {
                            "text": "William of Montreuil",
                            "answer_start": 380
                        }
                    ],
                    "is_impossible": false
                }
            ]
        },
        {
            "context": "In 1096, Crusaders passing by the siege of Amalfi were joined by Bohemond of Taranto and his nephew Tancred with an army of Italo-Normans. Bohemond was the de facto leader of the Crusade during its passage through Asia Minor. After the successful Siege of Antioch in 1097, Bohemond began carving out an independent principality around that city. Tancred was instrumental in the conquest of Jerusalem and he worked for the expansion of the Crusader kingdom in Transjordan and the region of Galilee.[citation needed]",
            "qas": [
                {
                    "question": "When did the Siege of Antioch take place?",
                    "id": "56de3ebc4396321400ee26e6",
                    "answers": [
                        {
                            "text": "1097",
                            "answer_start": 267
                        }
                    ],
                    "is_impossible": false
                },
                {
                    "question": "What was the name of Bohemond's nephew?",
                    "id": "56de3ebc4396321400ee26e7",
                    "answers": [
                        {
                            "text": "Tancred",
                            "answer_start": 100
                        }
                    ],
                    "is_impossible": false
                },
                {
                    "question": "What major conquest did Tancred play a roll in?",
                    "id": "56de3ebc4396321400ee26e8",
                    "answers": [
                        {
                            "text": "Jerusalem",
                            "answer_start": 390
                        }
                    ],
                    "is_impossible": false
                }
            ]
        },
        {
            "context": "The conquest of Cyprus by the Anglo-Norman forces of the Third Crusade opened a new chapter in the history of the island, which would be under Western European domination for the following 380 years. Although not part of a planned operation, the conquest had much more permanent results than initially expected.",
            "qas": [
                {
                    "question": "How long did Western Europe control Cyprus?",
                    "id": "56de3efccffd8e1900b4b6fe",
                    "answers": [
                        {
                            "text": "380 years",
                            "answer_start": 189
                        }
                    ],
                    "is_impossible": false
                }
            ]
        },
        {
            "context": "In April 1191 Richard the Lion-hearted left Messina with a large fleet in order to reach Acre. But a storm dispersed the fleet. After some searching, it was discovered that the boat carrying his sister and his fianc\u00e9e Berengaria was anchored on the south coast of Cyprus, together with the wrecks of several other ships, including the treasure ship. Survivors of the wrecks had been taken prisoner by the island's despot Isaac Komnenos. On 1 May 1191, Richard's fleet arrived in the port of Limassol on Cyprus. He ordered Isaac to release the prisoners and the treasure. Isaac refused, so Richard landed his troops and took Limassol.",
            "qas": [
                {
                    "question": "What ruined Richard's plans to reach Acre?",
                    "id": "56de3f784396321400ee26fa",
                    "answers": [
                        {
                            "text": "a storm",
                            "answer_start": 99
                        }
                    ],
                    "is_impossible": false
                },
                {
                    "question": "Who was Richard's fiancee?",
                    "id": "56de3f784396321400ee26fb",
                    "answers": [
                        {
                            "text": "Berengaria",
                            "answer_start": 218
                        }
                    ],
                    "is_impossible": false
                },
                {
                    "question": "What year did the storm hit Richard's fleet?",
                    "id": "56de3f784396321400ee26fc",
                    "answers": [
                        {
                            "text": "1191",
                            "answer_start": 9
                        }
                    ],
                    "is_impossible": false
                },
                {
                    "question": "Who ruled Cyprus in 1191?",
                    "id": "56de3f784396321400ee26fd",
                    "answers": [
                        {
                            "text": "Isaac Komnenos",
                            "answer_start": 421
                        }
                    ],
                    "is_impossible": false
                }
            ]
        },
        {
            "context": "Various princes of the Holy Land arrived in Limassol at the same time, in particular Guy de Lusignan. All declared their support for Richard provided that he support Guy against his rival Conrad of Montferrat. The local barons abandoned Isaac, who considered making peace with Richard, joining him on the crusade, and offering his daughter in marriage to the person named by Richard. But Isaac changed his mind and tried to escape. Richard then proceeded to conquer the whole island, his troops being led by Guy de Lusignan. Isaac surrendered and was confined with silver chains, because Richard had promised that he would not place him in irons. By 1 June, Richard had conquered the whole island. His exploit was well publicized and contributed to his reputation; he also derived significant financial gains from the conquest of the island. Richard left for Acre on 5 June, with his allies. Before his departure, he named two of his Norman generals, Richard de Camville and Robert de Thornham, as governors of Cyprus.",
            "qas": [
                {
                    "question": "Who was Guy's Rival?",
                    "id": "56de40da4396321400ee2708",
                    "answers": [
                        {
                            "text": "Conrad of Montferrat",
                            "answer_start": 188
                        }
                    ],
                    "is_impossible": false
                },
                {
                    "question": "What were Isaac's chains made out of?",
                    "id": "56de40da4396321400ee2709",
                    "answers": [
                        {
                            "text": "silver",
                            "answer_start": 565
                        }
                    ],
                    "is_impossible": false
                },
                {
                    "question": "Who led Richard's troops when Cyprus was conquered?",
                    "id": "56de40da4396321400ee270a",
                    "answers": [
                        {
                            "text": "Guy de Lusignan",
                            "answer_start": 85
                        }
                    ],
                    "is_impossible": false
                }
            ]
        },
        {
            "context": "Between 1402 and 1405, the expedition led by the Norman noble Jean de Bethencourt and the Poitevine Gadifer de la Salle conquered the Canarian islands of Lanzarote, Fuerteventura and El Hierro off the Atlantic coast of Africa. Their troops were gathered in Normandy, Gascony and were later reinforced by Castilian colonists.",
            "qas": [
                {
                    "question": "What continent are the Canarian Islands off the coast of?",
                    "id": "56de49564396321400ee277a",
                    "answers": [
                        {
                            "text": "Africa",
                            "answer_start": 219
                        }
                    ],
                    "is_impossible": false
                }
            ]
        },
        {
            "context": "Bethencourt took the title of King of the Canary Islands, as vassal to Henry III of Castile. In 1418, Jean's nephew Maciot de Bethencourt sold the rights to the islands to Enrique P\u00e9rez de Guzm\u00e1n, 2nd Count de Niebla.",
            "qas": [
                {
                    "question": "Who became the King of the Canary Islands?",
                    "id": "56de49a8cffd8e1900b4b7a7",
                    "answers": [
                        {
                            "text": "Bethencourt",
                            "answer_start": 0
                        }
                    ],
                    "is_impossible": false
                },
                {
                    "question": "Who bought the rights?",
                    "id": "56de49a8cffd8e1900b4b7a8",
                    "answers": [
                        {
                            "text": "Enrique P\u00e9rez de Guzm\u00e1n",
                            "answer_start": 172
                        }
                    ],
                    "is_impossible": false
                },
                {
                    "question": "Who sold the rights?",
                    "id": "56de49a8cffd8e1900b4b7a9",
                    "answers": [
                        {
                            "text": "Maciot de Bethencourt",
                            "answer_start": 116
                        }
                    ],
                    "is_impossible": false
                }
            ]
        },
        {
            "context": "The customary law of Normandy was developed between the 10th and 13th centuries and survives today through the legal systems of Jersey and Guernsey in the Channel Islands. Norman customary law was transcribed in two customaries in Latin by two judges for use by them and their colleagues: These are the Tr\u00e8s ancien coutumier (Very ancient customary), authored between 1200 and 1245; and the Grand coutumier de Normandie (Great customary of Normandy, originally Summa de legibus Normanniae in curia la\u00efcali), authored between 1235 and 1245.",
            "qas": [
                {
                    "question": "Where are Jersey and Guernsey",
                    "id": "56de4a474396321400ee2786",
                    "answers": [
                        {
                            "text": "Channel Islands",
                            "answer_start": 155
                        }
                    ],
                    "is_impossible": false
                },
                {
                    "question": "How many customaries does Norman customary law have?",
                    "id": "56de4a474396321400ee2787",
                    "answers": [
                        {
                            "text": "two",
                            "answer_start": 212
                        }
                    ],
                    "is_impossible": false
                }
            ]
        },
        {
            "context": "Norman architecture typically stands out as a new stage in the architectural history of the regions they subdued. They spread a unique Romanesque idiom to England and Italy, and the encastellation of these regions with keeps in their north French style fundamentally altered the military landscape. Their style was characterised by rounded arches, particularly over windows and doorways, and massive proportions.",
            "qas": [
                {
                    "question": "What is the Norman architecture idiom?",
                    "id": "56de4a89cffd8e1900b4b7bd",
                    "answers": [
                        {
                            "text": "Romanesque",
                            "answer_start": 135
                        }
                    ],
                    "is_impossible": false
                },
                {
                    "question": "What kind of arches does Norman architecture have?",
                    "id": "56de4a89cffd8e1900b4b7be",
                    "answers": [
                        {
                            "text": "rounded",
                            "answer_start": 332
                        }
                    ],
                    "is_impossible": false
                }
            ]
        },
        {
            "context": "In England, the period of Norman architecture immediately succeeds that of the Anglo-Saxon and precedes the Early Gothic. In southern Italy, the Normans incorporated elements of Islamic, Lombard, and Byzantine building techniques into their own, initiating a unique style known as Norman-Arab architecture within the Kingdom of Sicily.",
            "qas": [
                {
                    "question": "What architecture type came after Norman in England?",
                    "id": "56de4b074396321400ee2793",
                    "answers": [
                        {
                            "text": "Early Gothic",
                            "answer_start": 108
                        }
                    ],
                    "is_impossible": false
                },
                {
                    "question": "What architecture type came before Norman in England?",
                    "id": "56de4b074396321400ee2794",
                    "answers": [
                        {
                            "text": "Anglo-Saxon",
                            "answer_start": 79
                        }
                    ],
                    "is_impossible": false
                },
                {
                    "question": "What place had the Norman Arab architectural style?",
                    "id": "56de4b074396321400ee2795",
                    "answers": [
                        {
                            "text": "Sicily",
                            "answer_start": 328
                        }
                    ],
                    "is_impossible": false
                }
            ]
        },
        {
            "context": "In the visual arts, the Normans did not have the rich and distinctive traditions of the cultures they conquered. However, in the early 11th century the dukes began a programme of church reform, encouraging the Cluniac reform of monasteries and patronising intellectual pursuits, especially the proliferation of scriptoria and the reconstitution of a compilation of lost illuminated manuscripts. The church was utilised by the dukes as a unifying force for their disparate duchy. The chief monasteries taking part in this \"renaissance\" of Norman art and scholarship were Mont-Saint-Michel, F\u00e9camp, Jumi\u00e8ges, Bec, Saint-Ouen, Saint-Evroul, and Saint-Wandrille. These centres were in contact with the so-called \"Winchester school\", which channeled a pure Carolingian artistic tradition to Normandy. In the final decade of the 11th and first of the 12th century, Normandy experienced a golden age of illustrated manuscripts, but it was brief and the major scriptoria of Normandy ceased to function after the midpoint of the century.",
            "qas": [
                {
                    "question": "When did the church reform begin?",
                    "id": "56de4b5c4396321400ee2799",
                    "answers": [
                        {
                            "text": "early 11th century",
                            "answer_start": 129
                        }
                    ],
                    "is_impossible": false
                },
                {
                    "question": "Who used the church to unify themselves?",
                    "id": "56de4b5c4396321400ee279a",
                    "answers": [
                        {
                            "text": "dukes",
                            "answer_start": 152
                        }
                    ],
                    "is_impossible": false
                }
            ]
        },
        {
            "context": "The French Wars of Religion in the 16th century and French Revolution in the 18th successively destroyed much of what existed in the way of the architectural and artistic remnant of this Norman creativity. The former, with their violence, caused the wanton destruction of many Norman edifices; the latter, with its assault on religion, caused the purposeful destruction of religious objects of any type, and its destabilisation of society resulted in rampant pillaging.",
            "qas": [
                {
                    "question": "When were the French wars of religion?",
                    "id": "56de4bb84396321400ee27a2",
                    "answers": [
                        {
                            "text": "16th century",
                            "answer_start": 35
                        }
                    ],
                    "is_impossible": false
                }
            ]
        },
        {
            "context": "By far the most famous work of Norman art is the Bayeux Tapestry, which is not a tapestry but a work of embroidery. It was commissioned by Odo, the Bishop of Bayeux and first Earl of Kent, employing natives from Kent who were learned in the Nordic traditions imported in the previous half century by the Danish Vikings.",
            "qas": [
                {
                    "question": "What kind of needlework was used in the creation of the Bayeux Tapestry?",
                    "id": "56de4c324396321400ee27ab",
                    "answers": [
                        {
                            "text": "embroidery",
                            "answer_start": 104
                        }
                    ],
                    "is_impossible": false
                },
                {
                    "question": "What is Norman art's most well known piece?",
                    "id": "56de4c324396321400ee27ac",
                    "answers": [
                        {
                            "text": "Bayeux Tapestry",
                            "answer_start": 49
                        }
                    ],
                    "is_impossible": false
                },
                {
                    "question": "Who commissioned the Tapestry?",
                    "id": "56de4c324396321400ee27ad",
                    "answers": [
                        {
                            "text": "Odo",
                            "answer_start": 139
                        }
                    ],
                    "is_impossible": false
                }
            ]
        },
        {
            "context": "In Britain, Norman art primarily survives as stonework or metalwork, such as capitals and baptismal fonts. In southern Italy, however, Norman artwork survives plentifully in forms strongly influenced by its Greek, Lombard, and Arab forebears. Of the royal regalia preserved in Palermo, the crown is Byzantine in style and the coronation cloak is of Arab craftsmanship with Arabic inscriptions. Many churches preserve sculptured fonts, capitals, and more importantly mosaics, which were common in Norman Italy and drew heavily on the Greek heritage. Lombard Salerno was a centre of ivorywork in the 11th century and this continued under Norman domination. Finally should be noted the intercourse between French Crusaders traveling to the Holy Land who brought with them French artefacts with which to gift the churches at which they stopped in southern Italy amongst their Norman cousins. For this reason many south Italian churches preserve works from France alongside their native pieces.",
            "qas": [
                {
                    "question": "What is the most important type of Norman art preserved in churches?",
                    "id": "56de51244396321400ee27ef",
                    "answers": [
                        {
                            "text": "mosaics",
                            "answer_start": 466
                        }
                    ],
                    "is_impossible": false
                }
            ]
        },
        {
            "context": "Normandy was the site of several important developments in the history of classical music in the 11th century. F\u00e9camp Abbey and Saint-Evroul Abbey were centres of musical production and education. At F\u00e9camp, under two Italian abbots, William of Volpiano and John of Ravenna, the system of denoting notes by letters was developed and taught. It is still the most common form of pitch representation in English- and German-speaking countries today. Also at F\u00e9camp, the staff, around which neumes were oriented, was first developed and taught in the 11th century. Under the German abbot Isembard, La Trinit\u00e9-du-Mont became a centre of musical composition.",
            "qas": [
                {
                    "question": "In what century did important classical music developments occur in Normandy?",
                    "id": "56de51c64396321400ee27f7",
                    "answers": [
                        {
                            "text": "11th",
                            "answer_start": 97
                        }
                    ],
                    "is_impossible": false
                },
                {
                    "question": "Who were the two abbots at F\u00e9camp Abbey?",
                    "id": "56de51c64396321400ee27f8",
                    "answers": [
                        {
                            "text": "William of Volpiano and John of Ravenna",
                            "answer_start": 234
                        }
                    ],
                    "is_impossible": false
                }
            ]
        },
        {
            "context": "At Saint Evroul, a tradition of singing had developed and the choir achieved fame in Normandy. Under the Norman abbot Robert de Grantmesnil, several monks of Saint-Evroul fled to southern Italy, where they were patronised by Robert Guiscard and established a Latin monastery at Sant'Eufemia. There they continued the tradition of singing.",
            "qas": [
                {
                    "question": "Where did the monks flee to?",
                    "id": "56de52614396321400ee27fb",
                    "answers": [
                        {
                            "text": "southern Italy",
                            "answer_start": 179
                        }
                    ],
                    "is_impossible": false
                },
                {
                    "question": "What monastery did the Saint-Evroul monks establish in Italy?",
                    "id": "56de52614396321400ee27fc",
                    "answers": [
                        {
                            "text": "Latin monastery at Sant'Eufemia.",
                            "answer_start": 259
                        }
                    ],
                    "is_impossible": false
                },
                {
                    "question": "Who patronized the monks in Italy? ",
                    "id": "56de52614396321400ee27fd",
                    "answers": [
                        {
                            "text": "Robert Guiscard",
                            "answer_start": 225
                        }
                    ],
                    "is_impossible": false
                },
                {
                    "question": "What tradition were the Saint-Evroul monks known for?",
                    "id": "56de52614396321400ee27fe",
                    "answers": [
                        {
                            "text": "singing",
                            "answer_start": 32
                        }
                    ],
                    "is_impossible": false
                }
            ]
        }
    ]
}